File_name	Start_id	End_id
february_2020_f1.tsv	1223395535882768385	1231201257739649025
february_2020_f2.tsv	1231201258092011523	1233487061354762240
february_2020_f3.tsv	1233487061400813568	1233904783833976833
march_2020_f1.tsv	1233904784010358785	1235614779965927425
march_2020_f10.tsv	1244321291236245511	1245075687599464448
march_2020_f11.tsv	1245075687767035905	1245138807797710849
march_2020_f2.tsv	1235614780003684352	1237088322662645760
march_2020_f3.tsv	1237088322696159232	1238201450951565313
march_2020_f4.tsv	1238201451123531778	1239190893497901056
march_2020_f5.tsv	1239190893506199552	1240091884468555776
march_2020_f6.tsv	1240091884472565761	1241643047554887681
march_2020_f7.tsv	1241643047559061506	1242485419352002573
march_2020_f8.tsv	1242485419457097734	1243478992633491457
march_2020_f9.tsv	1243478992641982467	1244321291227877382
april_2020_f1.tsv	1245138807957213188	1245885018100006913
april_2020_f10.tsv	1252230722540060672	1253025036719599616
april_2020_f11.tsv	1253025036736385030	1253833370259333120
april_2020_f12.tsv	1253833370284380161	1254690078980362241
april_2020_f13.tsv	1254690079030812672	1255591483429793802
april_2020_f14.tsv	1255591483450802176	1256010443749015554
april_2020_f2.tsv	1245885018150277120	1246767531500670977
april_2020_f3.tsv	1246767531504828416	1247560749041496065
april_2020_f4.tsv	1247560749066698753	1248282920172863488
april_2020_f5.tsv	1248282920185282560	1249049719042527232
april_2020_f6.tsv	1249049719046901760	1249852958428278787
april_2020_f7.tsv	1249852958508023809	1250639237420122113
april_2020_f8.tsv	1250639237441032192	1251425458081628163
april_2020_f9.tsv	1251425458094129152	1252230722485579778
may_2020_f1.tsv	1256010443790811137	1257060910776102915
may_2020_f10.tsv	1265592235187453959	1267121083511169024
may_2020_f11.tsv	1267121083553021952	1267244467603550212
may_2020_f2.tsv	1257060910792916992	1258065104886730752
may_2020_f3.tsv	1258065104941322240	1259114424977195008
may_2020_f4.tsv	1259114425010667520	1260172229393780736
may_2020_f5.tsv	1260172229452726272	1261204076987121666
may_2020_f6.tsv	1261204076991254528	1262280725505560577
may_2020_f7.tsv	1262280725518258176	1263351336470380546
may_2020_f8.tsv	1263351336516681728	1264481336284327937
may_2020_f9.tsv	1264481336401825798	1265592235166498816
june_2020_f2.tsv	1268678185518010368	1270188480736325632
june_2020_f3.tsv	1270188480770068480	1271734074185527296
june_2020_f4.tsv	1271734074269466624	1273249326085660675
june_2020_f5.tsv	1273249326135984133	1274813759215681536
june_2020_f6.tsv	1274813759488430086	1276368684643016705
june_2020_f7.tsv	1276368684680753152	1278116103579893760
july_2020_f1.tsv	1278116103714193408	1279672350317916162
july_2020_f2.tsv	1279672350322184193	1281127821038030852
july_2020_f3.tsv	1281127821105135617	1282607432242466816
july_2020_f4.tsv	1282607432259252224	1283761237512163329
july_2020_f5.tsv	1283761237596282880	1285121873857183745
july_2020_f6.tsv	1285121873886375936	1286598075998449664
july_2020_f7.tsv	1286598076128468994	1288118797161783304
july_2020_f8.tsv	1288118797325357061	1289350127384059906
june_2020_f1.tsv	1267244467695824897	1268678185484419073
august_2020_f1.tsv	1289350127459606528	1290914738906554368
august_2020_f2.tsv	1290914738944086016	1292487386212048896
august_2020_f3.tsv	1292487386375622656	1294236478365741056
august_2020_f4.tsv	1294236478394920960	1295945048639635457
august_2020_f5.tsv	1295945048782249985	1297582288671330310
august_2020_f6.tsv	1297582288792936448	1299160074728865792
august_2020_f7.tsv	1299160074741374977	1300584151045885956
september_2020_f1.tsv	1300584151356186629	1302269940070780928
september_2020_f2.tsv	1302269940104417285	1303958352255483904
september_2020_f3.tsv	1303958352289030149	1305661526779596800
september_2020_f4.tsv	1305661526867611648	1310597145033158658
september_2020_f5.tsv	1310597145075101697	1311455787064217603
october_2020_f1.tsv	1311455787303268354	1312899927576436737
october_2020_f2.tsv	1312899927580848134	1314318111148068866
october_2020_f3.tsv	1314318111202586624	1315998364996120577
october_2020_f4.tsv	1315998365000359936	1317864059375529984
october_2020_f5.tsv	1317864059409031170	1319666221038567425
october_2020_f6.tsv	1319666221055234048	1321479885110546433
october_2020_f7.tsv	1321479885139968000	1322689810998480898
november_2020_f1.tsv	1322689811350724611	1324795676618858501
november_2020_f2.tsv	1324795676811821057	1326866251117965317
november_2020_f3.tsv	1326866251222806528	1328700302992826368
november_2020_f4.tsv	1328700302997024771	1330567656244609024
november_2020_f5.tsv	1330567656299253762	1332444617116057600
november_2020_f6.tsv	1332444617225211907	1333561446932865024
december_2020_f1.tsv	1333561447054499842	1335345359833337856
december_2020_f2.tsv	1335345359959298055	1337051156506435586
december_2020_f3.tsv	1337051156598693898	1338884363908476929
december_2020_f4.tsv	1338884363967229955	1340433130780540928
december_2020_f5.tsv	1340433131057233921	1341804754494697474
december_2020_f6.tsv	1341804754561691650	1343612648198438913
december_2020_f7.tsv	1343612648227745805	1344795470808420352
january_2021_f1.tsv	1344795470900715522	1346349629365837824
january_2021_f2.tsv	1346349629437341696	1347920318686441472
january_2021_f3.tsv	1347920318761992193	1349513280482631683
january_2021_f4.tsv	1349513280688046081	1350963889895256064
january_2021_f5.tsv	1350963890079862786	1352429045670162433
january_2021_f6.tsv	1352429045716115457	1353877599127134209
january_2021_f7.tsv	1353877599165022209	1355348167848566790
january_2021_f8.tsv	1355348167861137410	1356029494600065025
february_2021_f1.tsv	1356029494696534021	1357596728745201664
february_2021_f2.tsv	1357596728778772480	1359330790413369355
february_2021_f3.tsv	1359330790547591169	1361176857119350784
february_2021_f4.tsv	1361176857123692545	1362859197721956353
february_2021_f5.tsv	1362859197784678400	1364685866174533632
february_2021_f6.tsv	1364685866191495177	1366176354841018368
march_2021_f1.tsv	1366176354941730818	1367814444961722368
march_2021_f2.tsv	1367814445112692745	1369646816979947523
march_2021_f3.tsv	1369646817038774273	1371280166681477121
march_2021_f4.tsv	1371280166853431304	1372929918892380169
march_2021_f5.tsv	1372929918976233485	1374584034257342464
march_2021_f6.tsv	1374584034316099587	1376276403436580864
march_2021_f7.tsv	1376276403457511431	1377410378527744003